Campaign,"Ad Group","Ad Type","Headline 1","Headline 2","Headline 3","Headline 4","Headline 5","Headline 6","Headline 7","Headline 8","Headline 9","Headline 10","Headline 11","Headline 12","Headline 13","Headline 14","Headline 15","Description 1","Description 2","Description 3","Description 4","Final URL","Path 1","Path 2"
"CC | Perfume Árabe Masc | Search | BR","AG1 - Generico BOFU","Responsive search ad","Perfume Árabe Masculino 2026","Os 6 Mais Avaliados","Qual Comprar Sem Errar","Fixa o Dia Todo (8h+)","Guia Direto ao Ponto","Custo-Benefício Absurdo","Escolha por Perfil","Mais de 74 Mil Avaliações","Comparativo Honesto 2026","Amadeirado, Doce ou Fresco","Veja o Ranking Completo","Antes de Comprar, Compare",,,,"Comparamos os 6 melhores árabes masculinos por fixação e perfil. Veja qual comprar.","Fixação de 8h+, elogios e preço muito abaixo do importado. Guia completo 2026.","Amadeirado, doce ou fresco? Descubra o árabe certo pro seu estilo em 2 minutos.","Ranking por perfil olfativo, fixação e ocasião. Mais de 74 mil avaliações reais.",https://comocomprar.com.br/melhor-perfume-arabe-masculino/,perfume-arabe,comparativo
"CC | Perfume Árabe Masc | Search | BR","AG2 - Marca arabe","Responsive search ad","Lattafa, Afnan e Armaf","Asad, 9pm e Club de Nuit","Qual Árabe Comprar 2026","Comparativo Honesto","Fixação e Projeção Reais","Os Mais Vendidos","Khamrah, Asad ou 9pm?","Compare Antes de Comprar","Perfil Olfativo por Marca","Guia das Marcas Árabes","Veja o Ranking por Marca","Marca Certa Pro Seu Estilo",,,,"Asad, 9pm, Khamrah e Club de Nuit comparados por perfil, fixação e ocasião.","Guia dos árabes mais desejados por perfil olfativo e ocasião. Direto ao ponto.","Qual marca árabe combina com você? Compare fixação, projeção e ocasião de uso.","Lattafa, Afnan e Armaf lado a lado. Veja qual entrega mais pelo que custa.",https://comocomprar.com.br/melhor-perfume-arabe-masculino/,perfume-arabe,comparativo
"CC | Perfume Árabe Masc | Search | BR","AG3 - Beneficio","Responsive search ad","Perfume Que Fixa 8h+","O Mais Elogiado de 2026","Marcante e Barato","Dura o Dia Inteiro","Elogio na Rua","Projeção de Verdade","Compare Fixação Real","Qual Dura Mais?",,,,,,,,"Quer fixação de verdade e elogios? Veja os árabes masculinos que mais duram.","Perfume marcante por uma fração do importado. Comparamos fixação e projeção.","Comparativo de fixação e projeção com base em quem usou. Veja qual escolher.","Fixação de 8h+ sem pagar preço de importado. Guia por perfil e ocasião.",https://comocomprar.com.br/melhor-perfume-arabe-masculino/,perfume-arabe,comparativo
"CC | Perfume Árabe Masc | Search | BR","AG4 - Ocasiao","Responsive search ad","Árabe Certo Pra Cada Ocasião","Doce, Fresco ou Amadeirado","Pra Noite ou Pro Dia","Escolha Sem Errar","Perfume Pra Noite","Pro Dia a Dia no Trabalho","Qual Usar em Cada Momento","Guia por Ocasião 2026",,,,,,,,"Amadeirado pra noite, fresco pro dia: veja o árabe ideal pra cada momento.","Doce, fresco ou amadeirado: escolha o perfume certo pra cada ocasião.","Trabalho, balada ou encontro? Veja qual árabe combina com cada situação.","Guia por ocasião e perfil olfativo, com fixação comparada. Direto ao ponto.",https://comocomprar.com.br/melhor-perfume-arabe-masculino/,perfume-arabe,comparativo
"CC | Extratora Estofado | Search | BR","AG1 - Compra direta","Responsive search ad","Extratora de Estofado 2026","Qual Comprar Sem Errar","Portátil ou Barril?","Higienize Sofá em Casa","Se Paga em 1 Limpeza","Guia Direto ao Ponto","Sofá, Colchão e Carro","Comparativo Honesto","Sucção e Reservatório","As Mais Avaliadas","Compare Antes de Comprar","Pare de Pagar Serviço",,,,"Compare as melhores extratoras por sucção, reservatório e uso real. Veja qual comprar.","Pare de pagar serviço: higienize sofá, colchão e carro em casa. Guia completo 2026.","Portátil pra sofá e carro ou barril pra uso pesado? Veja qual atende você.","Uma limpeza profissional custa caro. A extratora se paga em poucos usos.",https://comocomprar.com.br/comprar-extratora-de-estofado/,extratora,comparativo
"CC | Extratora Estofado | Search | BR","AG2 - Marca","Responsive search ad","WAP, Karcher e Vonder","Qual Extratora Comprar","Portátil x Barril","Comparativo Honesto","WAP Spot ou Home Cleaner","Karcher Puzzi Vale?","Extratora Vonder ELV","Compare as Marcas","Qual Marca Suga Mais","Guia das Marcas 2026","As Mais Avaliadas","Antes de Escolher, Compare",,,,"WAP Spot Cleaner, Home Cleaner, Karcher e Vonder comparadas por uso real.","Portátil para sofá e carro ou barril para uso pesado? Veja qual comprar.","Comparamos sucção, reservatório e praticidade de cada marca. Veja a melhor.","Qual marca entrega mais pelo que custa? Guia com avaliações reais de quem usou.",https://comocomprar.com.br/comprar-extratora-de-estofado/,extratora,comparativo
"CC | Extratora Estofado | Search | BR","AG3 - Dor e uso","Responsive search ad","Limpe o Sofá Encardido","A Água Sai Preta","Extratora Para Carro","Higieniza de Verdade","Sofá Como Novo","Colchão e Banco de Carro","Veja Qual Comprar","O Aspirador Não Tira",,,,,,,,"A extratora tira a sujeira que o aspirador não tira. Veja qual comprar.","Sofá encardido, colchão e banco de carro: veja a extratora certa pra cada uso.","Higienize em casa o que você pagaria caro pra terceirizar. Guia completo.","Compare por sucção e reservatório e escolha a extratora certa pro seu uso.",https://comocomprar.com.br/comprar-extratora-de-estofado/,extratora,comparativo
"CC | Depilador Luz Pulsada | Search | BR","AG1 - Compra de aparelho","Responsive search ad","Depilador Luz Pulsada 2026","IPL Para Casa","Reduz Pelo Com Conforto","Qual Comprar Sem Errar","Custa Menos Que a Clínica","Funciona? Veja a Verdade","Guia Direto ao Ponto","Comparativo Honesto 2026","Com Resfriamento na Ponta","Serve Pra Sua Pele?","Os Mais Avaliados","Compare Antes de Comprar",,,,"Compare os IPL caseiros por conforto, resultado e preço. Veja qual comprar.","Reduza os pelos em casa sem pagar preço de clínica. Comparativo honesto 2026.","Com resfriamento na ponteira. Veja o aparelho certo pra sua pele e seu pelo.","IPL rende mais em pele clara com pelo escuro. Veja se serve pro seu caso.",https://comocomprar.com.br/melhor-depilador-de-luz-pulsada/,depilador-ipl,comparativo
"CC | Depilador Luz Pulsada | Search | BR","AG2 - Marca","Responsive search ad","Ulike ou MLAY?","Depilador IPL Premium","Qual Marca Comprar","Comparativo Honesto","Conforto e Resultado","Ulike Air 10 Vale?","MLAY T4 Comparado","Compare as Marcas IPL","Qual Entrega Mais","Guia das Marcas 2026","As Mais Avaliadas","Antes de Escolher, Veja",,,,"Ulike, MLAY e mais comparados por conforto, resultado e preço. Veja o melhor.","Compare os IPL de topo por conforto, potência e resultado. Veja qual vale.","Qual marca entrega mais pelo que custa? Guia com avaliações reais de quem usou.","Do intermediário ao topo de linha: veja qual aparelho combina com seu uso.",https://comocomprar.com.br/melhor-depilador-de-luz-pulsada/,depilador-ipl,comparativo
"CC | Depilador Luz Pulsada | Search | BR","AG3 - Depilador a laser","Responsive search ad","Depilador a Laser Caseiro","Reduza os Pelos em Casa","Vale a Pena? Veja","Guia de Compra 2026","Funciona Mesmo?","Serve Pra Sua Pele?","Custa Menos Que Clínica","Compare os Modelos",,,,,,,,"Depilador a laser caseiro funciona? Comparamos os melhores por pele e preço.","Veja se o aparelho caseiro funciona no seu tipo de pele e pelo antes de comprar.","Aparelho de casa custa menos que sessão de clínica. Compare os modelos.","Guia com avaliações reais, adequação de pele e pelo, e o que esperar do uso.",https://comocomprar.com.br/melhor-depilador-de-luz-pulsada/,depilador-ipl,comparativo
